{
    "rouge1": {
        "precision": 0.41233644859813084,
        "recall": 0.6771025168815225,
        "fmeasure": 0.512546468401487
    },
    "rouge2": {
        "precision": 0.2356020942408377,
        "recall": 0.386977886977887,
        "fmeasure": 0.2928870292887029
    },
    "rougeL": {
        "precision": 0.285607476635514,
        "recall": 0.468999386126458,
        "fmeasure": 0.3550185873605948
    },
    "rougeLsum": {
        "precision": 0.40897196261682245,
        "recall": 0.6715776550030693,
        "fmeasure": 0.5083643122676581
    }
}