{
    "rouge1": {
        "precision": 0.6124367317425886,
        "recall": 0.519950890116636,
        "fmeasure": 0.5624169986719788
    },
    "rouge2": {
        "precision": 0.36468885672937773,
        "recall": 0.3095823095823096,
        "fmeasure": 0.33488372093023255
    },
    "rougeL": {
        "precision": 0.4121475054229935,
        "recall": 0.34990791896869244,
        "fmeasure": 0.3784860557768924
    },
    "rougeLsum": {
        "precision": 0.6088214027476501,
        "recall": 0.5168815224063843,
        "fmeasure": 0.5590969455511289
    }
}